Accuracy,F1
0.06896551724137931,0.4471256210078069
0.05517241379310345,0.3506289308176101
