Accuracy,F1
0.03103448275862069,0.4169424222369292
0.0034482758620689655,0.24271844660194178
